 Adam;George;Scottish National Party;Paisley;http://www.scottish.parliament.uk/images/MSPs and office holders Session 4/GeorgeAdamMSP20110511.jpg
 Adamson;Clare;Scottish National Party;Central Scotland;http://www.scottish.parliament.uk/images/MSPs and office holders Session 4/ClareAdamsonMSP20110507.JPG
 Allan;Alasdair;Scottish National Party;Na h-Eileanan an Iar;http://www.scottish.parliament.uk/images/MSPs and office holders Session 4/AlasdairAllanMSP20120530.jpg
 Allard;Christian;Scottish National Party;North East Scotland;http://www.scottish.parliament.uk/images/MSPs and office holders Session 4/ChristianAllardMSP_20130515.jpg
 Baillie;Jackie;Scottish Labour;Dumbarton;http://www.scottish.parliament.uk/images/MSPs and office holders Session 4/JackieBaillieMSP20110511.JPG
 Baker;Richard;Scottish Labour;North East Scotland;http://www.scottish.parliament.uk/images/MSPs and office holders Session 4/RichardBakerMSP20110511.JPG
 Baker;Claire;Scottish Labour;Mid Scotland and Fife;http://www.scottish.parliament.uk/images/MSPs and office holders Session 4/ClaireBakerMSP20110825.jpg
 Baxter;Jayne;Scottish Labour;Mid Scotland and Fife;http://www.scottish.parliament.uk/images/MSPs and office holders Session 4/JayneBaxterMSP20121211.jpg
 Beamish;Claudia;Scottish Labour;South Scotland;http://www.scottish.parliament.uk/images/MSPs and office holders Session 4/ClaudiaBeamishMSP20110510.JPG
 Beattie;Colin;Scottish National Party;Midlothian North and Musselburgh;http://www.scottish.parliament.uk/images/MSPs and office holders Session 4/ColinBeattieMSP20110509.JPG
 Biagi;Marco;Scottish National Party;Edinburgh Central;http://www.scottish.parliament.uk/images/MSPs and office holders Session 4/MarcoBiagiMSP20110509.JPG
 Bibby;Neil;Scottish Labour;West Scotland;http://www.scottish.parliament.uk/images/MSPs and office holders Session 4/NeilBibbyMSP20110510.JPG
 Boyack;Sarah;Scottish Labour;Lothian;http://www.scottish.parliament.uk/images/MSPs and office holders Session 4/SarahBoyackMSP20120529.jpg
 Brodie;Chic;Scottish National Party;South Scotland;http://www.scottish.parliament.uk/images/MSPs and office holders Session 4/ChicBrodieMSO20110507.jpg
 Brown;Keith;Scottish National Party;Clackmannanshire and Dunblane;http://www.scottish.parliament.uk/images/MSPs and office holders Session 4/KeithBrownMSP20110511.JPG
 Brown;Gavin;Scottish Conservative and Unionist Party;Lothian;http://www.scottish.parliament.uk/images/MSPs and office holders Session 4/GavinBrownMSP20110510.JPG
 Buchanan;Cameron;Scottish Conservative and Unionist Party;Lothian;http://www.scottish.parliament.uk/images/MSPs and office holders Session 4/CameronBuchananMSP20140129.jpg
 Burgess;Margaret;Scottish National Party;Cunninghame South;http://www.scottish.parliament.uk/images/MSPs and office holders Session 4/MargaretBurgessMSP20120829.jpg
 Campbell;Roderick;Scottish National Party;North East Fife;http://www.scottish.parliament.uk/images/MSPs and office holders Session 4/RoderickCampbellMSP20131016.jpg
 Campbell;Aileen;Scottish National Party;Clydesdale;http://www.scottish.parliament.uk/images/MSPs and office holders Session 4/AileenCampbellMSP20110510.JPG
 Carlaw;Jackson;Scottish Conservative and Unionist Party;West Scotland;http://www.scottish.parliament.uk/images/MSPs and office holders Session 4/JacksonCarlawMSP20110509.JPG
 Chisholm;Malcolm;Scottish Labour;Edinburgh Northern and Leith;http://www.scottish.parliament.uk/images/MSPs and office holders Session 4/MalcolmChisholmMSP20110510.JPG
 Coffey;Willie;Scottish National Party;Kilmarnock and Irvine Valley;http://www.scottish.parliament.uk/images/WillieCoffeyMSP20120523.jpg
 Constance;Angela;Scottish National Party;Almond Valley;http://www.scottish.parliament.uk/images/MSPs and office holders Session 4/AngelaConstanceMSP20110510.JPG
 Crawford;Bruce;Scottish National Party;Stirling;http://www.scottish.parliament.uk/images/MSPs and office holders Session 4/BruceCrawfordMSP20110509.JPG
 Cunningham;Roseanna;Scottish National Party;Perthshire South and Kinross-shire;http://www.scottish.parliament.uk/images/MSPs and office holders Session 4/RoseannaCunningham20110615.jpg
 Davidson;Ruth;Scottish Conservative and Unionist Party;Glasgow;http://www.scottish.parliament.uk/images/RuthDavidsonMSP20120529.jpg
 Dey;Graeme;Scottish National Party;Angus South;http://www.scottish.parliament.uk/images/MSPs and office holders Session 4/GraemeDeyMSP20110507.jpg
 Don;Nigel;Scottish National Party;Angus North and Mearns;http://www.scottish.parliament.uk/images/MSPs and office holders Session 4/NigelDonMSP20110507.JPG
 Doris;Bob;Scottish National Party;Glasgow;http://www.scottish.parliament.uk/images/MSPs and office holders Session 4/BobDorisMSP20110507.JPG
 Dornan;James;Scottish National Party;Glasgow Cathcart;http://www.scottish.parliament.uk/images/MSPs and office holders Session 4/JamesDornanMSP20110507.JPG
 Dugdale;Kezia;Scottish Labour;Lothian;http://www.scottish.parliament.uk/images/MSPs and office holders Session 4/KeziaDugdaleMSP20110509.JPG
 Eadie;Jim;Scottish National Party;Edinburgh Southern;http://www.scottish.parliament.uk/images/MSPs and office holders Session 4/JimEadieMSP20110509.JPG
 Ewing;Fergus;Scottish National Party;Inverness and Nairn;http://www.scottish.parliament.uk/images/MSPs and office holders Session 4/FergusEwingMSP20110509.JPG
 Ewing;Annabelle;Scottish National Party;Mid Scotland and Fife;http://www.scottish.parliament.uk/images/MSPs and office holders Session 4/AnnabelleEwingMSP20110510.JPG
 Fabiani;Linda;Scottish National Party;East Kilbride;http://www.scottish.parliament.uk/images/MSPs and office holders Session 4/LindaFabianiMSP20110507.JPG
 Fee;Mary;Scottish Labour;West Scotland;http://www.scottish.parliament.uk/images/MSPs and office holders Session 4/MaryFeeMSP20110510.JPG
 Ferguson;Patricia;Scottish Labour;Glasgow Maryhill and Springburn;http://www.scottish.parliament.uk/images/MSPs and office holders Session 4/PatriciaFergusonMSP20110510.JPG
 Fergusson;Alex;Scottish Conservative and Unionist Party;Galloway and West Dumfries;http://www.scottish.parliament.uk/images/MSPs and office holders Session 4/AlexFergussonMSP20110511.jpg
 Findlay;Neil;Scottish Labour;Lothian;http://www.scottish.parliament.uk/images/MSPs and office holders Session 4/NeilFindlayMSP20110510.JPG
 Finnie;John;Independent;Highlands and Islands;http://www.scottish.parliament.uk/images/MSP Photos/JohnFinnie261012.jpg
 FitzPatrick;Joe;Scottish National Party;Dundee City West;http://www.scottish.parliament.uk/images/MSPs and office holders Session 4/JoeFitzPatrickMSP20110511.JPG
 Fraser;Murdo;Scottish Conservative and Unionist Party;Mid Scotland and Fife;http://www.scottish.parliament.uk/images/MSPs and office holders Session 4/MurdoFraserMSP20110510.JPG
 Gibson;Rob;Scottish National Party;Caithness, Sutherland and Ross;http://www.scottish.parliament.uk/images/MSPs and office holders Session 4/RobGibsonMSP20110510.JPG
 Gibson;Kenneth;Scottish National Party;Cunninghame North;http://www.scottish.parliament.uk/images/MSPs and office holders Session 4/KennethGibsonMSP20110507.JPG
 Goldie;Annabel;Scottish Conservative and Unionist Party;West Scotland;http://www.scottish.parliament.uk/images/MSPs and office holders Session 4/AnnabelGoldieMSP20110510.JPG
 Grahame;Christine;Scottish National Party;Midlothian South, Tweeddale and Lauderdale;http://www.scottish.parliament.uk/images/MSPs and office holders Session 4/ChristineGrahameMSP20110510.JPG
 Grant;Rhoda;Scottish Labour;Highlands and Islands;http://www.scottish.parliament.uk/images/MSPs and office holders Session 4/RhodaGrantMSP20110511.JPG
 Gray;Iain;Scottish Labour;East Lothian;http://www.scottish.parliament.uk/images/MSPs and office holders Session 4/IainGrayMSP20110510.JPG
 Griffin;Mark;Scottish Labour;Central Scotland;http://www.scottish.parliament.uk/images/MSPs and office holders Session 4/MarkGriffinMSP20110510.JPG
 Harvie;Patrick;Scottish Green Party;Glasgow;http://www.scottish.parliament.uk/images/MSPs and office holders Session 4/PatrickHarvieMSP20110510.JPG
 Henry;Hugh;Scottish Labour;Renfrewshire South;http://www.scottish.parliament.uk/images/MSPs and office holders Session 4/HughHenryMSP20110510.JPG
 Hepburn;Jamie;Scottish National Party;Cumbernauld and Kilsyth;http://www.scottish.parliament.uk/images/MSPs and office holders Session 4/JamieHepburnMSP20110511.JPG
 Hilton;Cara;Scottish Labour;Dunfermline;http://www.scottish.parliament.uk/images/MSPs and office holders Session 4/Cara_Hilton_MSP.jpg
 Hume;Jim;Scottish Liberal Democrats;South Scotland;http://www.scottish.parliament.uk/images/MSPs and office holders Session 4/JimHumeMSP20110510.JPG
 Hyslop;Fiona;Scottish National Party;Linlithgow;http://www.scottish.parliament.uk/images/MSPs and office holders Session 4/FionaHyslopMSP20110511.JPG
 Ingram;Adam;Scottish National Party;Carrick, Cumnock and Doon Valley;http://www.scottish.parliament.uk/images/MSPs and office holders Session 4/AdamIngramMSP20110511.jpg
 Johnstone;Alex;Scottish Conservative and Unionist Party;North East Scotland;http://www.scottish.parliament.uk/images/MSPs and office holders Session 4/AlexJohnstoneMSP20110509.JPG
 Johnstone;Alison;Scottish Green Party;Lothian;http://www.scottish.parliament.uk/images/MSPs and office holders Session 4/AlisonJohnstoneMSP20120119.jpg
 Keir;Colin;Scottish National Party;Edinburgh Western;http://www.scottish.parliament.uk/images/MSPs and office holders Session 4/ColinKeirMSP20110507.JPG
 Kelly;James;Scottish Labour;Rutherglen;http://www.scottish.parliament.uk/images/MSPs and office holders Session 4/JamesKellyMSP20120223.jpg
 Kidd;Bill;Scottish National Party;Glasgow Anniesland;http://www.scottish.parliament.uk/images/MSPs and office holders/BillKiddMSP20070509.jpg
 Lamont;John;Scottish Conservative and Unionist Party;Ettrick, Roxburgh and Berwickshire;http://www.scottish.parliament.uk/images/MSPs and office holders Session 4/JohnLamontMSP20110510.JPG
 Lamont;Johann;Scottish Labour;Glasgow Pollok;http://www.scottish.parliament.uk/images/MSPs and office holders Session 4/JohannLamontMSP20110511.JPG
 Lochhead;Richard;Scottish National Party;Moray;http://www.scottish.parliament.uk/images/MSPs and office holders Session 4/RichardLochheadMSP20110511.jpg
 Lyle;Richard;Scottish National Party;Central Scotland;http://www.scottish.parliament.uk/images/MSPs and office holders Session 4/RichardLyleMSP20120127.jpg
 MacAskill;Kenny;Scottish National Party;Edinburgh Eastern;http://www.scottish.parliament.uk/images/MSPs and office holders Session 4/KennyMacAskillMSP20110509.JPG
 MacDonald;Gordon;Scottish National Party;Edinburgh Pentlands;http://www.scottish.parliament.uk/images/GordonMacDonaldMSP20120529.jpg
 Macdonald;Lewis;Scottish Labour;North East Scotland;http://www.scottish.parliament.uk/images/MSPs and office holders Session 4/LewisMacdonaldMSP20110510.JPG
 MacDonald;Margo;Independent;Lothian;http://www.scottish.parliament.uk/images/MSPs and office holders Session 4/MargoMacDonaldMSP20111121.jpg
 MacDonald;Angus;Scottish National Party;Falkirk East;http://www.scottish.parliament.uk/images/MSPs and office holders Session 4/AngusMacDonaldMSP20110510.JPG
 Macintosh;Ken;Scottish Labour;Eastwood;http://www.scottish.parliament.uk/images/MSPs and office holders Session 4/KenMacintoshMSP20110511.jpg
 Mackay;Derek;Scottish National Party;Renfrewshire North and West;http://www.scottish.parliament.uk/images/MSPs and office holders Session 4/DerekMacKayMSP20110509.JPG
 MacKenzie;Mike;Scottish National Party;Highlands and Islands;http://www.scottish.parliament.uk/images/MSPs and office holders Session 4/MikeMacKenzieMSP20110509.JPG
 Malik;Hanzala;Scottish Labour;Glasgow;http://www.scottish.parliament.uk/images/MSPs and office holders Session 4/HanzalaMalikMSP20110601.jpg
 Marra;Jenny;Scottish Labour;North East Scotland;http://www.scottish.parliament.uk/images/MSPs and office holders Session 4/JennyMarraMSP20110511.JPG
 Martin;Paul;Scottish Labour;Glasgow Provan;http://www.scottish.parliament.uk/images/MSPs and office holders Session 4/PaulMartinMSP20110511.JPG
 Marwick;Tricia;No Party Affiliation;Mid Fife and Glenrothes;http://www.scottish.parliament.uk/images/MSPs and office holders Session 4/TriciaMarwickMSP20110517.jpg
 Mason;John;Scottish National Party;Glasgow Shettleston;http://www.scottish.parliament.uk/images/MSPs and office holders Session 4/JohnMasonMSP20110509.JPG
 Matheson;Michael;Scottish National Party;Falkirk West;http://www.scottish.parliament.uk/images/MSPs and office holders Session 4/MichaelMathesonMSP20110507.JPG
 Maxwell;Stewart;Scottish National Party;West Scotland;http://www.scottish.parliament.uk/images/MSPs and office holders Session 4/StewartMaxwellMSP20110507.JPG
 McAlpine;Joan;Scottish National Party;South Scotland;http://www.scottish.parliament.uk/images/JoanMcAlpineMSP20120529.jpg
 McArthur;Liam;Scottish Liberal Democrats;Orkney Islands;http://www.scottish.parliament.uk/images/MSPs and office holders Session 4/LiamMcArthurMSP20110510.JPG
 McCulloch;Margaret;Scottish Labour;Central Scotland;http://www.scottish.parliament.uk/images/MSPs and office holders/MargaretMcCullochMSP2012082.jpg
 McDonald;Mark;Scottish National Party;Aberdeen Donside;http://www.scottish.parliament.uk/images/MSPs and office holders Session 4/MarkMcDonaldMSP20110507.JPG
 McDougall;Margaret;Scottish Labour;West Scotland;http://www.scottish.parliament.uk/images/MSPs and office holders Session 4/MargaretMcDougallMSP20110510.JPG
 McGrigor;Jamie;Scottish Conservative and Unionist Party;Highlands and Islands;http://www.scottish.parliament.uk/images/MSPs and office holders Session 4/JamieMcGrigorMSP20110509.JPG
 McInnes;Alison;Scottish Liberal Democrats;North East Scotland;http://www.scottish.parliament.uk/images/MSPs and office holders Session 4/AlisonMcinnes20130522(1).jpg
 McKelvie;Christina;Scottish National Party;Hamilton, Larkhall and Stonehouse;http://www.scottish.parliament.uk/images/MSPs and office holders Session 4/ChristinaMcKelvieMSP20110510.JPG
 McLeod;Fiona;Scottish National Party;Strathkelvin and Bearsden;http://www.scottish.parliament.uk/images/MSP Photos/FionaMcLeod2013.jpg
 McLeod;Aileen;Scottish National Party;South Scotland;http://www.scottish.parliament.uk/images/MSPs and office holders Session 4/AileenMcLeodMSP.jpg
 McMahon;Siobhan;Scottish Labour;Central Scotland;http://www.scottish.parliament.uk/images/MSPs and office holders Session 4/SiobhanMcMahonMSP20110510.JPG
 McMahon;Michael;Scottish Labour;Uddingston and Bellshill;http://www.scottish.parliament.uk/images/MSPs and office holders Session 4/MichaelMcMahonMSP20110510.JPG
 McMillan;Stuart;Scottish National Party;West Scotland;http://www.scottish.parliament.uk/images/MSPs and office holders Session 4/StuartMcMillanMSP20110510.JPG
 McNeil;Duncan;Scottish Labour;Greenock and Inverclyde;http://www.scottish.parliament.uk/images/MSPs and office holders Session 4/duncan-mcneilMSP02072013.jpg
 McTaggart;Anne;Scottish Labour;Glasgow;http://www.scottish.parliament.uk/images/MSPs and office holders Session 4/AnneMcTaggartMSP20110508.JPG
 Milne;Nanette;Scottish Conservative and Unionist Party;North East Scotland;http://www.scottish.parliament.uk/images/MSPs and office holders Session 4/NanetteMilneMSP20110509.JPG
 Mitchell;Margaret;Scottish Conservative and Unionist Party;Central Scotland;http://www.scottish.parliament.uk/images/MargaretMitchellMSP20120529.jpg
 Murray;Elaine;Scottish Labour;Dumfriesshire;http://www.scottish.parliament.uk/images/MSPs and office holders Session 4/ElaineMurrayMSP20110510.JPG
 Neil;Alex;Scottish National Party;Airdrie and Shotts;http://www.scottish.parliament.uk/images/MSPs and office holders Session 4/AlexNeilMSP20110507.jpg
 Paterson;Gil;Scottish National Party;Clydebank and Milngavie;http://www.scottish.parliament.uk/images/MSPs and office holders Session 4/GilPatersonMSP20110510.JPG
 Pearson;Graeme;Scottish Labour;South Scotland;http://www.scottish.parliament.uk/images/MSPs and office holders Session 4/GraemePearsonMSP20110508.JPG
 Pentland;John;Scottish Labour;Motherwell and Wishaw;http://www.scottish.parliament.uk/images/MSPs and office holders Session 4/JohnPentlandMSP20110508.JPG
 Rennie;Willie;Scottish Liberal Democrats;Mid Scotland and Fife;http://www.scottish.parliament.uk/images/MSPs and office holders Session 4/WillieRennieMSP20110510.JPG
 Robertson;Dennis;Scottish National Party;Aberdeenshire West;http://www.scottish.parliament.uk/images/MSPs and office holders Session 4/dennisRobertson20120627.jpg
 Robison;Shona;Scottish National Party;Dundee City East;http://www.scottish.parliament.uk/images/MSPs and office holders Session 4/ShonaRobisonMSP20110511.jpg
 Rowley;Alex;Scottish Labour;Cowdenbeath;http://www.scottish.parliament.uk/images/MSPs and office holders Session 4/AlexRowleyMSP20140129.jpg
 Russell;Michael;Scottish National Party;Argyll and Bute;http://www.scottish.parliament.uk/images/MSPs and office holders Session 4/MichaelRussellMSP20110507.JPG
 Salmond;Alex;Scottish National Party;Aberdeenshire East;http://www.scottish.parliament.uk/images/MSPs and office holders Session 4/AlexSalmondMSPS20111219.jpg
 Scanlon;Mary;Scottish Conservative and Unionist Party;Highlands and Islands;http://www.scottish.parliament.uk/images/MSPs and office holders Session 4/MaryScanlonMSP20110509.JPG
 Scott;John;Scottish Conservative and Unionist Party;Ayr;http://www.scottish.parliament.uk/images/MSPs and office holders Session 4/JohnScottMSP20110509.JPG
 Scott;Tavish;Scottish Liberal Democrats;Shetland Islands;http://www.scottish.parliament.uk/images/MSPs and office holders Session 4/TavishScottMSP20110510.JPG
 Simpson;Richard;Scottish Labour;Mid Scotland and Fife;http://www.scottish.parliament.uk/images/MSPs and office holders Session 4/RichardSimpsonMSP20110511.JPG
 Smith;Drew;Scottish Labour;Glasgow;http://www.scottish.parliament.uk/images/MSPs and office holders Session 4/DrewSmithMSP20110614.jpg
 Smith;Liz;Scottish Conservative and Unionist Party;Mid Scotland and Fife;http://www.scottish.parliament.uk/images/MSPs and office holders Session 4/ElizabethSmith20130711.jpg
 Smith;Elaine;Scottish Labour;Coatbridge and Chryston;http://www.scottish.parliament.uk/images/ElaineSmithMSP20120524.jpg
 Stevenson;Stewart;Scottish National Party;Banffshire and Buchan Coast;http://www.scottish.parliament.uk/images/MSPs and office holders Session 4/StewartStevensonMSP20110510.JPG
 Stewart;David;Scottish Labour;Highlands and Islands;http://www.scottish.parliament.uk/images/MSPs and office holders Session 4/DavidStewartMSP20110511.JPG
 Stewart;Kevin;Scottish National Party;Aberdeen Central;http://www.scottish.parliament.uk/images/MSPs and office holders Session 4/KevinStewartMSP20110507.JPG
 Sturgeon;Nicola;Scottish National Party;Glasgow Southside;http://www.scottish.parliament.uk/images/MSPs and office holders Session 4/NicolaSturgeonMSP20110510.JPG
 Swinney;John;Scottish National Party;Perthshire North;http://www.scottish.parliament.uk/images/MSPs and office holders Session 4/JohnSwinneyMSP20110510.JPG
 Thompson;Dave;Scottish National Party;Skye, Lochaber and Badenoch;http://www.scottish.parliament.uk/images/MSPs and office holders Session 4/DaveThompsonMSP20120629.jpg
 Torrance;David;Scottish National Party;Kirkcaldy;http://www.scottish.parliament.uk/images/MSPs and office holders Session 4/DavidTorranceMSP20111207.jpg
 Urquhart;Jean;Independent;Highlands and Islands;http://www.scottish.parliament.uk/images/MSPs and office holders Session 4/JeanUrquhartMSP20110510.JPG
 Watt;Maureen;Scottish National Party;Aberdeen South and North Kincardine;http://www.scottish.parliament.uk/images/MSPs and office holders Session 4/MaureenWatt20110507.JPG
 Wheelhouse;Paul;Scottish National Party;South Scotland;http://www.scottish.parliament.uk/images/MSPs and office holders Session 4/PaulWheelhouseMSP20110507.JPG
 White;Sandra;Scottish National Party;Glasgow Kelvin;http://www.scottish.parliament.uk/images/MSPs and office holders Session 4/SandraWhiteMSP20110510.JPG
 Wilson;John;Scottish National Party;Central Scotland;http://www.scottish.parliament.uk/images/MSP Photos/JohnWilsonMSP.jpg
 Yousaf;Humza;Scottish National Party;Glasgow;http://www.scottish.parliament.uk/images/MSPs and office holders Session 4/HumzaYousafMSP20110507.JPG
